{"company":[{"stock_symbol":"@","noOfShares":35,"SharePrice":"1000","transaction":[{"company_symbol":"@","company_shares":55,"transaction_time":"2018-10-17T05:32:28.042Z"},{"company_symbol":"@","company_shares":50,"transaction_time":"2018-10-19T05:30:28.487Z"},{"company_symbol":"@","company_shares":45,"transaction_time":"2018-10-19T06:07:32.436Z"},{"company_symbol":"@","company_shares":35,"transaction_time":"2018-11-27T12:21:52.608Z"}],"name":"HP"},{"stock_symbol":"$","noOfShares":"60","SharePrice":"200","transaction":[],"name":"Reliance"}]}