{"customer":[{"cust_name":"Shraddha","SharePrice":"200","noOfShares":55,"transaction":[{"cust_name":"Shraddha","cust_shares":45,"transaction_time":"2018-10-17T05:32:28.040Z"},{"cust_name":"Shraddha","cust_shares":55,"transaction_time":"2018-10-19T05:30:28.489Z"},{"cust_name":"Shraddha","cust_shares":50,"transaction_time":"2018-10-19T05:33:04.396Z"},{"cust_name":"Shraddha","cust_shares":55,"transaction_time":"2018-10-19T06:07:32.438Z"}]},{"cust_name":"Madhuri","SharePrice":"250","noOfShares":60,"transaction":[{"cust_name":"Madhuri","cust_shares":60,"transaction_time":"2018-11-27T12:21:52.610Z"}]}]}