{"rice":[{"name":"Basmati Rice","weight":"5","price":"65"},{"name":"Steam Kolam","weight":"5","price":"51"},{"name":"Kolam","weight":"5","price":"36"},{"name":"IndiaGate Basmati","weight":"50","price":"20"}],"pulses":[{"name":"Chana Dal","weight":"6","price":"25"},{"name":"Moong Dal","weight":"6","price":"35"},{"name":"Chickpeas","weight":"6","price":"30"},{"name":"Matki","weight":"10","price":"60"}],"wheat":[{"name":"Ashirwad Atta","weight":"6","price":"35"},{"name":"Chakki Atta","weight":"5","price":"36"},{"name":"Whole Grain Wheat","weight":"6","price":"55"}]}